{
  "version": 3,
  "model_type": "axis5",
  "feature_names": [
    "left_eye_x",
    "left_eye_y",
    "right_eye_x",
    "right_eye_y"
  ],
  "center_x": -0.02015775702491468,
  "left_x": -0.17484248564786908,
  "right_x": 0.2320273791346451,
  "center_y": -0.0047992594605388425,
  "up_y": -0.07886040011505675,
  "down_y": 0.051305162261868556,
  "y_left_weight": 0.6414993087689342,
  "y_right_weight": 0.35850069123106576,
  "training_features": [
    [
      -0.06763789870541437,
      0.0015918992029759216,
      0.027322384655585008,
      -0.016235566182287303
    ],
    [
      -0.19196017228039486,
      0.014045878474475165,
      -0.1577247990153433,
      -0.05275865218686265
    ],
    [
      0.2138284162897347,
      -0.07784573318882511,
      0.2502263419795555,
      0.027400535714292566
    ],
    [
      -0.039145860754256745,
      -0.06271171854083896,
      0.05337583898866605,
      -0.10775676857620814
    ],
    [
      -0.07026351354262284,
      0.06896742993170837,
      -0.0026629508909480903,
      0.019700390559513996
    ]
  ],
  "training_targets": [
    [
      0.0,
      0.0
    ],
    [
      -1.0,
      0.0
    ],
    [
      1.0,
      0.0
    ],
    [
      0.0,
      -1.0
    ],
    [
      0.0,
      1.0
    ]
  ],
  "point_names": [
    "center",
    "left",
    "right",
    "up",
    "down"
  ],
  "feature_space": "iris_width_vertical_v4"
}