{
  "version": 3,
  "model_type": "axis5",
  "feature_names": [
    "left_eye_x",
    "left_eye_y",
    "right_eye_x",
    "right_eye_y"
  ],
  "center_x": -0.024653203162830456,
  "left_x": -0.18462071609655828,
  "right_x": 0.06713703720418396,
  "center_y": 0.0031583501395827445,
  "up_y": -0.044487099862016766,
  "down_y": 0.034988395140399926,
  "y_left_weight": 0.7390927232162103,
  "y_right_weight": 0.26090727678378967,
  "training_features": [
    [
      -0.0456598190694435,
      0.0057068876434579335,
      -0.003646587256217415,
      -0.00406109405215084
    ],
    [
      -0.18934223856844162,
      0.025780304337971197,
      -0.17989919362467494,
      0.010188926354563192
    ],
    [
      0.0468924037077767,
      -0.024931296394825803,
      0.08738167070059122,
      0.012238996452489256
    ],
    [
      -0.057499641833944015,
      -0.039078489488661564,
      -0.020160661127255064,
      -0.05980849916883328
    ],
    [
      -0.03954528490773629,
      0.04400117466009357,
      -0.018716407474178298,
      0.009457180215805175
    ]
  ],
  "training_targets": [
    [
      0.0,
      0.0
    ],
    [
      -1.0,
      0.0
    ],
    [
      1.0,
      0.0
    ],
    [
      0.0,
      -1.0
    ],
    [
      0.0,
      1.0
    ]
  ],
  "point_names": [
    "center",
    "left",
    "right",
    "up",
    "down"
  ],
  "feature_space": "iris_width_vertical_v4"
}