{
  "version": 3,
  "model_type": "axis5",
  "feature_names": [
    "left_eye_x",
    "left_eye_y",
    "right_eye_x",
    "right_eye_y"
  ],
  "center_x": -0.034684893825958796,
  "left_x": -0.1907104934122854,
  "right_x": 0.1456111564674215,
  "center_y": 0.0028772345898881745,
  "up_y": -0.058581909388699505,
  "down_y": 0.059067493855118613,
  "y_left_weight": 0.7730685471184081,
  "y_right_weight": 0.2269314528815919,
  "training_features": [
    [
      -0.05481685843538153,
      0.0029905083296467017,
      -0.014552929216536059,
      0.0024913543414261663
    ],
    [
      -0.20011366051539903,
      0.028307605310907882,
      -0.1813073263091718,
      0.03428128653370989
    ],
    [
      0.1636822961407567,
      -0.04220705949056694,
      0.12754001679408633,
      0.02570771835827397
    ],
    [
      -0.042826517625068505,
      -0.06126536732429544,
      0.005155180220722588,
      -0.04944039594407823
    ],
    [
      -0.050018353744460564,
      0.07013831908813473,
      -0.001934982519952222,
      0.02135343231973845
    ]
  ],
  "training_targets": [
    [
      0.0,
      0.0
    ],
    [
      -1.0,
      0.0
    ],
    [
      1.0,
      0.0
    ],
    [
      0.0,
      -1.0
    ],
    [
      0.0,
      1.0
    ]
  ],
  "point_names": [
    "center",
    "left",
    "right",
    "up",
    "down"
  ],
  "feature_space": "iris_width_vertical_v4"
}